<?xml version="1.0" encoding="UTF-8"?>
<beans xmlns="http://www.springframework.org/schema/beans"
	xmlns:xsi="http://www.w3.org/2001/XMLSchema-instance"
	xmlns:aop="http://www.springframework.org/schema/aop"
	xmlns:context="http://www.springframework.org/schema/context"
	xsi:schemaLocation="
		http://www.springframework.org/schema/beans 
		http://www.springframework.org/schema/beans/spring-beans-3.0.xsd 
		http://www.springframework.org/schema/aop 
		http://www.springframework.org/schema/aop/spring-aop-3.0.xsd
		http://www.springframework.org/schema/context
		http://www.springframework.org/schema/context/spring-context-3.0.xsd">
		
	<bean id="customerService"
		class="cs544.exercise13_1.CustomerService">
		<property name="customerDAO" ref="customerDAO" />
		<property name="emailSender" ref="emailSender" />
	</bean>
	<bean id="customerDAO" class="cs544.exercise13_1.CustomerDAO" />
	<bean id="emailSender" class="cs544.exercise13_1.EmailSender" />
	<bean id="logAdvice" class="cs544.exercise13_1.LogAdvice" />
	<bean id="daoAdvice" class="cs544.exercise13_1.DAOAdvice" />

	<bean id="mySuper" class="cs544.exercise13_1.MySuper" abstract="true">
		<property name="text" value="Test" />
	</bean>
	<bean id="myClass" class="cs544.exercise13_1.MyClass" parent="mySuper"
		lazy-init="false">
		<constructor-arg value="Thing" />
	</bean>
	<bean id="quizAdvice" class="cs544.exercise13_1.QuizAdvice"
		init-method="start">
		<property name="text" value="Injected" />
	</bean>
	<aop:aspectj-autoproxy proxy-target-class="true" />
</beans>